N°;N° ODPE;NOMBRE ODPE;SEDE DE ODPE;UBIGEO CENTRO DE CÓMPUTO;DISTRITO CENTRO CÓMPUTO;DISTRITOS;LOCALIDADES CON MSI;LOCALES;MESAS;ELECTORES HÁBILES ELECCIONES REGIONALES;EXTRANJEROS INSCRITOS;ELECTORES HÁBILES ELECCIONES MUNICIPALES
1;001;BAGUA;BAGUA;010205;BAGUA;16;80;141;757;213.820;0;213.820
2;002;BONGARA;JAZAN;010312;JAZAN;12;5;19;85;22.374;0;22.374
3;003;CHACHAPOYAS;CHACHAPOYAS;010101;CHACHAPOYAS;56;26;103;421;112.664;2;112.666
4;004;HUARMEY;HUARMEY;021901;HUARMEY;19;9;37;267;75.339;1;75.340
5;005;HUARAZ;INDEPENDENCIA;020102;INDEPENDENCIA;23;36;83;611;174.194;0;174.194
6;006;HUARI;HUARI;020801;HUARI;27;51;99;413;110.867;0;110.867
7;007;HUAYLAS;CARAZ;020701;CARAZ;25;34;70;367;101.122;0;101.122
8;008;POMABAMBA;POMABAMBA;021101;POMABAMBA;22;29;56;236;62.981;0;62.981
9;009;RECUAY;RECUAY;021201;RECUAY;30;21;53;177;44.715;0;44.715
10;010;SANTA;NUEVO CHIMBOTE;021309;NUEVO CHIMBOTE;20;19;125;1.356;400.338;0;400.338
11;011;ABANCAY;ABANCAY;030101;ABANCAY;33;23;86;456;127.609;0;127.609
12;012;ANDAHUAYLAS;ANDAHUAYLAS;030301;ANDAHUAYLAS;32;32;96;602;169.905;0;169.905
13;013;GRAU;CHUQUIBAMBILLA;030601;CHUQUIBAMBILLA;20;21;57;247;67.533;0;67.533
14;014;AREQUIPA;AREQUIPA;040101;AREQUIPA;7;0;118;1.244;371.059;2;371.061
15;015;CAMANA;CAMANA;040301;CAMANA;21;5;53;294;84.205;0;84.205
16;016;CAYLLOMA;MAJES;040220;MAJES;34;13;66;402;113.738;0;113.738
17;017;CERRO COLORADO;CERRO COLORADO;040103;CERRO COLORADO;12;1;137;1.322;393.891;0;393.891
18;018;JOSE LUIS BUSTAMANTE Y RIVERO;JOSE LUIS BUSTAMANTE Y RIVERO;040129;JOSE LUIS BUSTAMANTE Y RIVERO;10;0;64;650;192.740;1;192.741
19;019;CONDESUYOS;CHUQUIBAMBA;040601;CHUQUIBAMBA;19;9;32;105;26.939;0;26.939
20;020;MOLLENDO;MOLLENDO;040701;MOLLENDO;6;0;21;177;52.007;0;52.007
21;021;CANGALLO;CANGALLO;050201;CANGALLO;33;37;81;261;67.785;0;67.785
22;022;HUAMANGA;ANDRES AVELINO CACERES DORREGARAY;050116;ANDRES AVELINO CACERES DORREGARAY;24;27;111;854;247.257;0;247.257
23;023;HUANTA;HUANTA;050301;HUANTA;28;26;81;503;142.268;0;142.268
24;024;LUCANAS;PUQUIO;050501;PUQUIO;21;23;54;162;40.283;0;40.283
25;025;PARINACOCHAS;CORACORA;050601;CORACORA;18;10;32;110;28.560;0;28.560
26;026;CAJAMARCA;CAJAMARCA;060101;CAJAMARCA;35;99;254;1.670;479.716;0;479.716
27;027;CHOTA;CHOTA;060601;CHOTA;33;41;138;853;244.395;0;244.395
28;028;CUTERVO;CUTERVO;060501;CUTERVO;15;16;64;381;108.710;0;108.710
29;029;JAEN;JAEN;060801;JAEN;19;56;144;1.013;290.893;0;290.893
30;030;SAN PABLO;SAN PABLO;061301;SAN PABLO;25;35;79;315;86.278;0;86.278
31;031;CANCHIS;SICUANI;070601;SICUANI;23;18;72;477;136.786;0;136.786
32;032;CUSCO;WANCHAQ;070108;WANCHAQ;26;9;165;1.547;456.211;0;456.211
33;033;ESPINAR;YAURI;070801;ESPINAR;16;21;58;450;127.777;0;127.777
34;034;LA CONVENCION;QUILLABAMBA;070901;SANTA ANA;18;25;78;618;176.462;0;176.462
35;035;QUISPICANCHI;URCOS;071201;URCOS;18;20;66;417;119.199;0;119.199
36;036;URUBAMBA;URUBAMBA;071301;URUBAMBA;15;9;57;425;122.956;0;122.956
37;037;ANGARAES;LIRCAY;080301;LIRCAY;20;44;76;302;81.074;0;81.074
38;038;HUANCAVELICA;ASCENSION;080119;ASCENSION;19;41;80;383;106.611;0;106.611
39;039;HUAYTARA;HUAYTARA;080604;HUAYTARA;29;9;42;150;38.934;0;38.934
40;040;TAYACAJA;PAMPAS;080501;PAMPAS;34;47;101;429;117.125;0;117.125
41;041;HUAMALIES;LLATA;090401;LLATA;24;42;93;350;94.508;0;94.508
42;042;HUANUCO;AMARILIS;090110;AMARILIS;25;72;170;1.193;344.851;0;344.851
43;043;LEONCIO PRADO;CASTILLO GRANDE;090608;CASTILLO GRANDE;15;19;66;479;138.026;1;138.027
44;044;PUERTO INCA;PUERTO INCA;090802;PUERTO INCA;5;8;20;118;33.617;0;33.617
45;045;YAROWILCA;CHAVINILLO;091101;CHAVINILLO;15;17;47;190;51.540;0;51.540
46;046;CHINCHA;CHINCHA ALTA;100201;CHINCHA ALTA;19;3;116;1.062;313.562;0;313.562
47;047;ICA;ICA;100101;ICA;24;1;145;1.372;407.313;7;407.320
48;048;CHANCHAMAYO;CHANCHAMAYO;110801;CHANCHAMAYO;15;49;124;1.023;296.312;0;296.312
49;049;EL TAMBO;EL TAMBO;110113;EL TAMBO;21;9;116;940;276.480;0;276.480
50;050;HUANCAYO;HUANCAYO;110101;HUANCAYO;16;7;97;834;246.454;0;246.454
51;051;JAUJA;JAUJA;110301;JAUJA;49;7;76;454;126.647;1;126.648
52;052;TARMA;TARMA;110501;TARMA;23;3;56;429;124.631;0;124.631
53;053;LA ESPERANZA;LA ESPERANZA;120111;LA ESPERANZA;14;16;143;1.377;409.126;0;409.126
54;054;PACASMAYO;SAN PEDRO DE LLOC;120501;SAN PEDRO DE LLOC;20;6;99;956;281.354;0;281.354
55;055;PATAZ;TAYABAMBA;120601;TAYABAMBA;13;8;33;221;62.853;0;62.853
56;056;SANCHEZ CARRION;HUAMACHUCO;120301;HUAMACHUCO;22;25;76;626;180.947;0;180.947
57;057;TRUJILLO;TRUJILLO;120101;TRUJILLO;9;6;100;1.445;431.035;0;431.035
58;058;VICTOR LARCO HERRERA;VICTOR LARCO HERRERA;120107;VICTOR LARCO HERRERA;6;0;43;672;200.604;1;200.605
59;059;CHICLAYO;CHICLAYO;130101;CHICLAYO;8;1;150;1.451;433.403;1;433.404
60;060;JOSE LEONARDO ORTIZ;JOSE LEONARDO ORTIZ;130112;JOSE LEONARDO ORTIZ;12;3;103;931;276.050;0;276.050
61;061;LAMBAYEQUE;LAMBAYEQUE;130301;LAMBAYEQUE;18;50;170;1.201;350.371;0;350.371
62;062;BREÑA;BREÑA;140104;BREÑA;1;0;23;349;103.995;1;103.996
63;063;CAÑETE;SAN VICENTE DE CAÑETE;140401;SAN VICENTE DE CAÑETE;16;4;67;673;198.229;0;198.229
64;064;CARABAYLLO;CARABAYLLO;140105;CARABAYLLO;1;1;60;861;257.501;1;257.502
65;065;CHORRILLOS;BARRANCO;140125;BARRANCO;2;0;86;1.048;313.984;7;313.991
66;066;HUARAL;HUARAL;140801;HUARAL;19;2;56;603;177.661;1;177.662
67;067;HUAROCHIRI;SANTA EULALIA;140625;SANTA EULALIA;32;11;61;344;97.524;0;97.524
68;068;HUAURA;HUACHO;140501;HUACHO;28;17;121;1.150;338.143;0;338.143
69;069;INDEPENDENCIA;INDEPENDENCIA;140134;INDEPENDENCIA;1;0;48;595;178.438;1;178.439
70;070;LA MOLINA;LA MOLINA;140110;LA MOLINA;1;0;39;574;171.034;1;171.035
71;071;LA VICTORIA;LA VICTORIA;140109;LA VICTORIA;2;0;60;830;248.224;0;248.224
72;072;LIMA CENTRO 2;JESUS MARIA;140133;JESUS MARIA;1;0;21;427;127.880;1;127.881
73;073;LIMA CENTRO 3;LIMA;140101;LIMA;1;0;56;1.015;303.758;1;303.759
74;074;LIMA ESTE 1;ATE;140103;ATE;1;0;123;1.671;493.109;4;493.113
75;075;LIMA ESTE 2;EL AGUSTINO;140135;EL AGUSTINO;1;1;44;566;169.656;0;169.656
76;076;LIMA NORTE 1;PUENTE PIEDRA;140119;PUENTE PIEDRA;3;1;88;1.123;335.643;1;335.644
77;077;LIMA NORTE 2;COMAS;140106;COMAS;1;0;143;1.499;448.793;0;448.793
78;078;LIMA NORTE 3;RIMAC;140122;RIMAC;1;0;36;560;167.434;2;167.436
79;079;LIMA OESTE 1;SAN ISIDRO;140124;SAN ISIDRO;3;0;40;828;247.579;5;247.584
80;080;LIMA OESTE 2;MIRAFLORES;140115;MIRAFLORES;2;0;50;816;244.551;3;244.554
81;081;LIMA OESTE 3;SANTIAGO DE SURCO;140130;SANTIAGO DE SURCO;1;0;66;1.179;353.537;7;353.544
82;082;LIMA SUR 1;LURIN;140113;LURIN;8;2;63;804;238.349;1;238.350
83;083;LIMA SUR 2;VILLA MARIA DEL TRIUNFO;140132;VILLA MARIA DEL TRIUNFO;1;0;86;1.234;369.746;3;369.749
84;084;LOS OLIVOS;LOS OLIVOS;140142;LOS OLIVOS;1;0;61;984;294.809;2;294.811
85;085;LURIGANCHO;CHOSICA;140112;LURIGANCHO;2;5;49;688;204.908;1;204.909
86;086;PUEBLO LIBRE;PUEBLO LIBRE;140117;PUEBLO LIBRE;1;0;23;337;99.514;0;99.514
87;087;SAN BORJA;SAN BORJA;140140;SAN BORJA;1;0;25;422;126.163;1;126.164
88;088;SAN JUAN DE LURIGANCHO;SAN JUAN DE LURIGANCHO;140137;SAN JUAN DE LURIGANCHO;1;0;219;2.731;818.365;2;818.367
89;089;SAN JUAN DE MIRAFLORES;SAN JUAN DE MIRAFLORES;140136;SAN JUAN DE MIRAFLORES;1;0;68;1.115;334.100;2;334.102
90;090;SAN MARTIN DE PORRES;SAN MARTIN DE PORRES;140126;SAN MARTIN DE PORRES;1;0;171;1.786;533.869;1;533.870
91;091;SAN MIGUEL;SAN MIGUEL;140127;SAN MIGUEL;1;0;30;507;151.833;1;151.834
92;092;SANTA ANITA;SANTA ANITA;140143;SANTA ANITA;1;0;36;631;188.800;0;188.800
93;093;VILLA EL SALVADOR;VILLA EL SALVADOR;140141;VILLA EL SALVADOR;1;0;73;1.171;349.907;0;349.907
94;094;YAUYOS;YAUYOS;140701;YAUYOS;33;16;49;111;26.530;0;26.530
95;095;ALTO AMAZONAS;YURIMAGUAS;150201;YURIMAGUAS;12;57;108;570;160.107;0;160.107
96;096;MARISCAL RAMON CASTILLA;CABALLOCOCHA;150601;RAMON CASTILLA;5;10;30;196;56.337;0;56.337
97;097;MAYNAS;IQUITOS;150101;IQUITOS;20;31;150;1.564;459.811;0;459.811
98;098;REQUENA;REQUENA;150401;REQUENA;11;11;32;193;54.695;0;54.695
99;099;UCAYALI;CONTAMANA;150501;CONTAMANA;6;17;35;191;52.320;0;52.320
100;100;TAMBOPATA;TAMBOPATA;160101;TAMBOPATA;11;12;51;511;150.073;0;150.073
101;101;ILO;ILO;170301;ILO;3;0;25;231;68.600;0;68.600
102;102;MARISCAL NIETO;MOQUEGUA;170101;MOQUEGUA;18;13;64;341;97.570;0;97.570
103;103;OXAPAMPA;OXAPAMPA;180301;OXAPAMPA;8;14;44;308;88.143;0;88.143
104;104;PASCO;YANACANCHA;180114;YANACANCHA;21;18;76;481;135.534;0;135.534
105;105;CASTILLA;CASTILLA;190103;CASTILLA;8;13;115;1.293;383.908;0;383.908
106;106;MORROPON;CHULUCANAS;190401;CHULUCANAS;18;43;115;855;245.277;1;245.278
107;107;PAITA;PAITA;190501;PAITA;13;7;43;565;166.522;0;166.522
108;108;PIURA;PIURA;190101;PIURA;2;0;67;884;264.807;2;264.809
109;109;SULLANA;SULLANA;190601;SULLANA;24;25;179;1.665;487.641;0;487.641
110;110;AZANGARO;AZANGARO;200201;AZANGARO;25;30;82;552;155.358;0;155.358
111;111;CHUCUITO;JULI;200401;JULI;14;26;59;342;94.806;0;94.806
112;112;HUANCANE;HUANCANE;200501;HUANCANE;12;23;50;289;80.785;0;80.785
113;113;PUNO;PUNO;200101;PUNO;20;37;111;828;237.499;0;237.499
114;114;SAN ANTONIO DE PUTINA;PUTINA;201101;PUTINA;15;15;45;257;72.413;1;72.414
115;115;SAN ROMAN;JULIACA;200901;JULIACA;24;10;114;1.112;327.234;0;327.234
116;116;MARISCAL CACERES;JUANJUI;210401;JUANJUI;23;24;86;684;196.928;0;196.928
117;117;MOYOBAMBA;MOYOBAMBA;210101;MOYOBAMBA;26;32;112;1.023;297.138;0;297.138
118;118;SAN MARTIN;TARAPOTO;210601;TARAPOTO;29;22;103;818;237.695;0;237.695
119;119;TACNA;CORONEL GREGORIO ALBARRACIN LANCHIPA;220113;CORONEL GREGORIO ALBARRACIN LANCHIPA;28;10;123;1.034;304.648;0;304.648
120;120;TUMBES;TUMBES;230101;TUMBES;13;1;57;621;182.753;3;182.756
121;121;BELLAVISTA;BELLAVISTA;240102;BELLAVISTA;3;0;39;576;171.922;1;171.923
122;122;CALLAO;CALLAO;240101;CALLAO;2;0;114;1.351;402.158;1;402.159
123;123;VENTANILLA;VENTANILLA;240106;VENTANILLA;2;0;71;973;291.570;0;291.570
124;124;ATALAYA;RAIMONDI;250301;RAIMONDI;4;15;27;173;49.169;0;49.169
125;125;CORONEL PORTILLO;CALLERIA;250101;CALLERIA;15;26;130;1.389;410.657;0;410.657
